{
    "egodex": {
        "min": [
            -0.46743375062942505,
            -0.6353769302368164,
            -0.41719675064086914,
            -2.996478319168091,
            -1.5571479797363281,
            -2.868826150894165,
            0.0,
            0.0,
            0.0,
            -0.4514258311418473,
            -0.6937594943159313,
            -0.5381237030322714,
            -0.47905836910493793,
            -0.7716831098718655,
            -0.5184281370188386,
            -0.5076667866036602,
            -0.7293814686002447,
            -0.49375856899033543,
            -0.5079500987687451,
            -0.727450879939286,
            -0.5090689119363381,
            -0.49102828171121315,
            -0.7370666464575576,
            -0.501515087131917,
            -0.4148252606391907,
            -0.4384678602218628,
            -0.24438072741031647,
            -2.4173247814178467,
            -1.355613350868225,
            -2.5100433826446533,
            0.0,
            0.0,
            0.0,
            -0.6099542263119249,
            -0.4774284693067701,
            -0.32287433617811434,
            -0.6446025348912734,
            -0.4758645002038282,
            -0.36045620096190145,
            -0.5713339032714985,
            -0.4821199910763889,
            -0.3020284011572629,
            -0.5490538752524711,
            -0.48942284490001065,
            -0.30860209343562195,
            -0.5254587240184562,
            -0.4956154037248177,
            -0.3188473480248353
        ],
        "max": [
            0.4105488657951355,
            0.5625114440917969,
            0.2984258532524109,
            3.0693960189819336,
            1.4478775262832642,
            3.076235294342041,
            0.0,
            0.0,
            0.0,
            0.5310120095834809,
            0.5398667813146436,
            0.5322717038793918,
            0.5188804839783792,
            0.6039465043063301,
            0.536129972778469,
            0.51591923268861,
            0.656465493827814,
            0.5322818610153688,
            0.5052490711060685,
            0.6793776788401171,
            0.5179441820280022,
            0.49344498864680486,
            0.688287983249749,
            0.4700441362613059,
            0.39757922291755676,
            0.5278618335723877,
            0.3592674136161804,
            1.7390984296798706,
            1.4025280475616455,
            2.098069429397583,
            0.0,
            0.0,
            0.0,
            0.3941219571836445,
            0.623041070273592,
            0.4330814890155459,
            0.4054972083144457,
            0.6580851701281865,
            0.4415190407295597,
            0.4151836131153601,
            0.6535828466055946,
            0.416973369546934,
            0.4241284212072771,
            0.6423963567049831,
            0.433141955676863,
            0.4358951585132682,
            0.635765428994215,
            0.4095934275621005
        ],
        "q01": [
            -0.028723590523004532,
            -0.025599778890609742,
            -0.027373015880584717,
            -0.22589337185025216,
            -0.205894628316164,
            -0.24134616181254387,
            0.0,
            0.0,
            0.0,
            -0.03798740499719855,
            -0.04098823603755449,
            -0.04366393523859397,
            -0.04135933240090406,
            -0.042162859506480195,
            -0.04421905168762669,
            -0.04294341438909738,
            -0.0437760709903644,
            -0.04579925490492685,
            -0.0412493555485327,
            -0.04013869366532302,
            -0.04160933352964434,
            -0.039977521313009697,
            -0.03705575933558038,
            -0.038226961281044816,
            -0.04228695526719094,
            -0.04163193702697754,
            -0.0373461027443409,
            -0.27905892103910446,
            -0.26011415451765063,
            -0.3150074791908264,
            0.0,
            0.0,
            0.0,
            -0.05964310322092582,
            -0.05781463257015695,
            -0.05340220539498318,
            -0.06414867249314402,
            -0.05983198379947589,
            -0.053829419293589774,
            -0.06443164832253863,
            -0.060893915792436734,
            -0.05537889101053725,
            -0.06210291575319578,
            -0.05712218815993836,
            -0.05010269461119921,
            -0.060115745394204785,
            -0.05434158399138477,
            -0.04642125484674655
        ],
        "q99": [
            0.030155284479260025,
            0.02317103803157794,
            0.025434927344321956,
            0.21286335617303842,
            0.2013712102174754,
            0.24027720302343325,
            0.0,
            0.0,
            0.0,
            0.039720873123528865,
            0.03967431400850232,
            0.040853422899936966,
            0.04244439457820424,
            0.04071541722129631,
            0.0428727952882418,
            0.04442797762003197,
            0.04259924829761437,
            0.04555241575063291,
            0.04279369971565349,
            0.03912138847803212,
            0.041102925250696844,
            0.04137501530514041,
            0.036412300288978676,
            0.03727807392441183,
            0.041284331232309124,
            0.03876364231109619,
            0.03450968861579895,
            0.2558317372202865,
            0.25236553251743254,
            0.3224375781416875,
            0.0,
            0.0,
            0.0,
            0.05692827638680471,
            0.05439330589441923,
            0.048455331500196125,
            0.06158082056260751,
            0.05671329035905443,
            0.04970211127751599,
            0.06200423713061932,
            0.058122304451602685,
            0.05285513812638317,
            0.05976274596829624,
            0.05507180179479164,
            0.04713182450906295,
            0.05801521670361876,
            0.05258337778857305,
            0.04299992973498198
        ],
        "mean": [
            4.853759433366822e-05,
            -3.244763061334218e-05,
            8.605272665591489e-06,
            -0.0005394937496316034,
            -0.0004597144102449028,
            0.00036901241641194236,
            0.0,
            0.0,
            0.0,
            9.365179420814572e-05,
            1.7385272444374183e-05,
            -3.525048237000318e-06,
            8.250461582736962e-05,
            -4.790866146344617e-06,
            2.3958458996635215e-05,
            8.633706133870218e-05,
            6.2463766342714535e-06,
            2.0786567496907093e-05,
            8.094801246405831e-05,
            8.084562723669009e-06,
            1.1521154361394645e-05,
            7.392531788289249e-05,
            2.666829359686503e-06,
            7.996050225149764e-06,
            -0.00019202328180745968,
            -0.00018669739256424122,
            4.2107817444020455e-05,
            -0.002124143084006598,
            0.00022511170321018784,
            -0.0017404379946817908,
            0.0,
            0.0,
            0.0,
            -0.00027220085897214775,
            1.6926675411998394e-05,
            6.757033621391938e-05,
            -0.00026365006744877095,
            1.6733519052341707e-05,
            0.00014741243002200713,
            -0.00028267651931630154,
            1.9221903293887362e-05,
            0.0001468859108846195,
            -0.00029224806745931255,
            2.607155757690932e-05,
            0.00010685841689959154,
            -0.0002724265271292199,
            -1.1105259735517189e-05,
            8.461456942240987e-05
        ],