{
  "states": {
    "min": [
      -0.2734680771827698,
      -0.2073620855808258,
      -0.24139165878295898,
      -0.2732984721660614,
      -1.0,
      -0.2524506449699402,
      -0.4039537310600281,
      -0.5579684972763062,
      -0.2059999704360962,
      -0.3348361849784851,
      -0.23601406812667847,
      -0.3548182249069214,
      -0.21225500106811523,
      -0.3266716003417969,
      -0.09179916977882385,
      -0.073762908577919,
      -0.07635152339935303,
      -0.10156631469726562,
      -0.04319113492965698,
      -0.03763622045516968,
      -0.043449997901916504,
      -0.09019328653812408,
      -0.0711144208908081,
      -0.10101503133773804,
      -0.09842640161514282,
      -0.04184889793395996,
      -0.04210007190704346,
      -0.046462833881378174
    ],
    "max": [
      0.30523717403411865,
      0.3393690884113312,
      0.32462942600250244,
      0.3365705609321594,
      1.0,
      0.2799703776836395,
      0.5083633065223694,
      0.32200002670288086,
      0.2864188253879547,
      0.2001965045928955,
      0.2263393998146057,
      0.2854735255241394,
      0.1662082076072693,
      0.31080055236816406,
      0.1573009490966797,
      0.07738077640533447,
      0.10260894149541855,
      0.13348031044006348,
      0.043838296085596085,
      0.03675556182861328,
      0.050406575202941895,
      0.12138915061950684,
      0.06849241256713867,
      0.0799095630645752,
      0.09958946704864502,
      0.05114865303039551,
      0.04371833801269531,
      0.04530048370361328
    ],
    "q01": [
      -0.02732594221830368,
      -0.02475951611995697,
      -0.04322545349597931,
      -0.025130784213542937,
      -0.03619922071695328,
      -0.021831047758460044,
      -0.03235675811767578,
      -0.05539274632930755,
      -0.04500001668930054,
      -0.05500000715255737,
      -0.051999992057681084,
      -0.058000025004148484,
      -0.03999999910593033,
      -0.035719494521617885,
      -0.029840722680091858,
      -0.014536857604980469,
      -0.02366885308176279,
      -0.040168615579605105,
      -0.016801872365176676,
      -0.016526410579681395,
      -0.016275536864995957,
      -0.03662615537643433,
      -0.021880673766136168,
      -0.03429886385798454,
      -0.045574272572994234,
      -0.019582271575927734,
      -0.018033485412597656,
      -0.020009160935878754
    ],
    "q99": [
      0.02676294207572931,
      0.023999420609325153,
      0.048597113490104635,
      0.025257163941860027,
      0.03666724830865814,
      0.023200568407773972,
      0.031882879137992745,
      0.057999995201826096,
      0.04799997806549072,
      0.053000032901763916,
      0.050000011920928955,
      0.0559999942779541,
      0.03600001335144043,
      0.03291345775127405,
      0.03390084601938717,
      0.01972351580858223,
      0.028280253112316054,
      0.036544015407562025,
      0.01619068965315819,
      0.014664846435189246,
      0.015476254373788785,
      0.04379349470138544,
      0.019205303192138562,
      0.028670778274536096,
      0.04635250717401497,
      0.020142959952354354,
      0.018379311747848844,
      0.02019069671630852
    ],
    "mean": [
      -8.383563545066863e-05,
      3.471618765615858e-05,
      5.794486787635833e-05,
      3.574046058929525e-05,
      -1.6844931451487355e-05,
      4.8091227654367685e-05,
      -8.079074177658185e-06,
      -1.444145709683653e-05,
      -4.4646458263741806e-05,
      -6.472857785411179e-05,
      -3.316258516861126e-05,
      4.56129782833159e-05,
      -1.446571150154341e-05,
      -2.9594535590149462e-05,
      -0.00019270532357040793,
      0.000348976522218436,
      0.00018553939298726618,
      3.125188595731743e-05,
      -5.900355245103128e-05,
      -0.0003675199404824525,
      -0.00029730756068602204,
      -0.00021949993970338255,
      -0.00020481004321482033,
      -0.0004165570135228336,
      -0.00011711860133800656,
      8.386112313019112e-05,
      -0.0003411252109799534,
      0.00015554064884781837
    ],
    "std": [
      0.00902501679956913,
      0.007518758065998554,
      0.012818176299333572,
      0.009414439089596272,
      0.01690412126481533,
      0.008233636617660522,
      0.011844758875668049,
      0.015581892803311348,
      0.013892047107219696,
      0.016083046793937683,
      0.014550945721566677,
      0.017970122396945953,
      0.011426834389567375,
      0.011258137412369251,
      0.008697353303432465,
      0.0049943928606808186,
      0.007225727196782827,
      0.010405723005533218,
      0.004721210803836584,
      0.004495222587138414,
      0.0044113826006650925,
      0.012158040888607502,
      0.006487406324595213,
      0.010043465532362461,
      0.015765050426125526,
      0.006728913635015488,
      0.006220374256372452,
      0.006546434480696917
    ]
  },
  "action": {
    "min": [
      -0.2734680771827698,
      -0.2073620855808258,
      -0.24139165878295898,
      -0.2732984721660614,
      -1.0,
      -0.2524506449699402,
      -0.4039537310600281,
      -0.5579684972763062,
      -0.2059999704360962,
      -0.3348361849784851,
      -0.23601406812667847,
      -0.3548182249069214,
      -0.21225500106811523,
      -0.3266716003417969,
      -0.09179916977882385,
      -0.073762908577919,
      -0.07635152339935303,
      -0.10156631469726562,
      -0.04319113492965698,
      -0.03763622045516968,
      -0.043449997901916504,
      -0.09019328653812408,
      -0.0711144208908081,
      -0.10101503133773804,
      -0.09842640161514282,
      -0.04184889793395996,
      -0.04210007190704346,
      -0.046462833881378174
    ],
    "max": [
      0.30523717403411865,
      0.3393690884113312,
      0.32462942600250244,
      0.3365705609321594,
      1.0,
      0.2799703776836395,
      0.5083633065223694,
      0.32200002670288086,
      0.2864188253879547,
      0.2001965045928955,
      0.2263393998146057,
      0.2854735255241394,
      0.1662082076072693,
      0.31080055236816406,
      0.1573009490966797,
      0.07738077640533447,
      0.10260894149541855,
      0.13348031044006348,
      0.043838296085596085,
      0.03675556182861328,
      0.050406575202941895,
      0.12138915061950684,
      0.06849241256713867,
      0.0799095630645752,
      0.09958946704864502,
      0.05114865303039551,
      0.04371833801269531,
      0.04530048370361328
    ],
    "q01": [
      -0.02732594221830368,
      -0.02475951611995697,
      -0.04322545349597931,
      -0.025130784213542937,
      -0.03619922071695328,
      -0.021831047758460044,
      -0.03235675811767578,
      -0.05539274632930755,
      -0.04500001668930054,
      -0.05500000715255737,
      -0.051999992057681084,
      -0.058000025004148484,
      -0.03999999910593033,
      -0.035719494521617885,
      -0.029840722680091858,
      -0.014536857604980469,
      -0.02366885308176279,
      -0.040168615579605105,
      -0.016801872365176676,
      -0.016526410579681395,
      -0.016275536864995957,
      -0.03662615537643433,
      -0.021880673766136168,
      -0.03429886385798454,
      -0.045574272572994234,
      -0.019582271575927734,
      -0.018033485412597656,
      -0.020009160935878754
    ],
    "q99": [
      0.02676294207572931,
      0.023999420609325153,
      0.048597113490104635,
      0.025257163941860027,
      0.03666724830865814,
      0.023200568407773972,
      0.031882879137992745,
      0.057999995201826096,
      0.04799997806549072,
      0.053000032901763916,
      0.050000011920928955,
      0.0559999942779541,
      0.03600001335144043,
      0.03291345775127405,
      0.03390084601938717,
      0.01972351580858223,
      0.028280253112316054,
      0.036544015407562025,
      0.01619068965315819,
      0.014664846435189246,
      0.015476254373788785,
      0.04379349470138544,
      0.019205303192138562,
      0.028670778274536096,
      0.04635250717401497,
      0.020142959952354354,
      0.018379311747848844,
      0.02019069671630852
    ],