{
  "states": {
    "min": [
      -0.26403486728668213,
      -0.24694368243217468,
      -0.3248978853225708,
      -0.34054264426231384,
      -0.9980000257492065,
      -0.3237704038619995,
      -0.31916946172714233,
      -0.258137583732605,
      -0.20399999618530273,
      -0.43864569067955017,
      -0.23146000504493713,
      -0.3480198383331299,
      -0.20318201184272766,
      -0.354032039642334,
      -0.13038843870162964,
      -0.14798122644424438,
      -0.15776033699512482,
      -0.10506570339202881,
      -0.11025487631559372,
      -0.20184117555618286,
      -0.09667915105819702,
      -0.1818532943725586,
      -0.08015060424804688,
      -0.10676747560501099,
      -0.1136934757232666,
      -0.2729886770248413,
      -0.1255350112915039,
      -0.1748499870300293
    ],
    "max": [
      0.36007654666900635,
      0.22399623692035675,
      0.31748199462890625,
      0.3309417963027954,
      0.9959999918937683,
      0.34907448291778564,
      0.4933580756187439,
      0.3109999895095825,
      0.3100000321865082,
      0.21100002527236938,
      0.3161590099334717,
      0.4370647072792053,
      0.1652868092060089,
      0.33484870195388794,
      0.12086093425750732,
      0.14352095127105713,
      0.19923114776611328,
      0.25275930762290955,
      0.2347707748413086,
      0.10565292835235596,
      0.135672926902771,
      0.1398308277130127,
      0.18624210357666016,
      0.1350502371788025,
      0.2771052122116089,
      0.06810635328292847,
      0.07121038436889648,
      0.13079547882080078
    ],
    "q01": [
      -0.03267614841461182,
      -0.027723896503448486,
      -0.048497486114501956,
      -0.029326307773590087,
      -0.04148949384689331,
      -0.026362302899360656,
      -0.036937367916107175,
      -0.0685721755027771,
      -0.05199998617172241,
      -0.06087005138397217,
      -0.06000000238418579,
      -0.06785595417022705,
      -0.04399999976158142,
      -0.041356390714645384,
      -0.032966195791959765,
      -0.01746584177017212,
      -0.026904296875,
      -0.04240018129348755,
      -0.018005096912384035,
      -0.018614858388900757,
      -0.017859244346618654,
      -0.039107990264892575,
      -0.02443821430206299,
      -0.03572496771812439,
      -0.04725515842437744,
      -0.0221707820892334,
      -0.020948410034179688,
      -0.022196710109710693
    ],
    "q99": [
      0.032228696346282906,
      0.02736092805862426,
      0.05291708707809445,
      0.02971577644348134,
      0.04262751936912419,
      0.026805233955383236,
      0.038638603687286374,
      0.06900000125169754,
      0.054000020027160645,
      0.05817710161209105,
      0.056999987363815306,
      0.06300000101327896,
      0.03999999165534973,
      0.03804950714111309,
      0.037258952856063496,
      0.02254233956336975,
      0.030332077667117117,
      0.03964378535747528,
      0.01834062337875359,
      0.01647496223449707,
      0.017333984375,
      0.04778337478637695,
      0.022337317466735826,
      0.03174409866333,
      0.05044925212860098,
      0.02160745859146118,
      0.02055897712707514,
      0.02237459421157837
    ],
    "mean": [
      -8.220827294280753e-05,
      5.8144905779045075e-05,
      2.5445046048844233e-05,
      7.276325050042942e-05,
      6.469916115747765e-05,
      2.0285982827772386e-05,
      3.5419550840742886e-05,
      -0.00019357183191459626,
      -6.931893585715443e-05,
      -8.585586328990757e-05,
      -8.96895508049056e-05,
      -4.2319021304138005e-05,
      -6.052637672837591e-06,
      -4.001134220743552e-05,
      -0.000267502706265077,
      0.0004189935571048409,
      0.00027858599787577987,
      7.501257641706616e-05,
      -7.834161806385964e-05,
      -0.0004916033358313143,
      -0.0003669291618280113,
      -0.00036083863233216107,
      -0.0002381630620220676,
      -0.0004271056968718767,
      -0.0001475601748097688,
      2.8156939151813276e-05,
      -0.00045203245826996863,
      0.00019405025523155928
    ],
    "std": [
      0.010176022537052631,
      0.008367067202925682,
      0.014351817779242992,
      0.01041705347597599,
      0.018935423344373703,
      0.009345302358269691,
      0.013102034106850624,
      0.01719566434621811,
      0.015678226947784424,
      0.018147582188248634,
      0.016275689005851746,
      0.020193414762616158,
      0.012879714369773865,
      0.01253548450767994,
      0.009859896264970303,
      0.0059754326939582825,
      0.008394994772970676,
      0.011894907802343369,
      0.005812701769173145,
      0.005668221972882748,
      0.005298696458339691,
      0.013948178850114346,
      0.007639248389750719,
      0.011552409268915653,
      0.018122529610991478,
      0.008086496032774448,
      0.007620427291840315,
      0.007850054651498795
    ]
  },
  "action": {
    "min": [
      -0.26403486728668213,
      -0.24694368243217468,
      -0.3248978853225708,
      -0.34054264426231384,
      -0.9980000257492065,
      -0.3237704038619995,
      -0.31916946172714233,
      -0.258137583732605,
      -0.20399999618530273,
      -0.43864569067955017,
      -0.23146000504493713,
      -0.3480198383331299,
      -0.20318201184272766,
      -0.354032039642334,
      -0.13038843870162964,
      -0.14798122644424438,
      -0.15776033699512482,
      -0.10506570339202881,
      -0.11025487631559372,
      -0.20184117555618286,
      -0.09667915105819702,
      -0.1818532943725586,
      -0.08015060424804688,
      -0.10676747560501099,
      -0.1136934757232666,
      -0.2729886770248413,
      -0.1255350112915039,
      -0.1748499870300293
    ],
    "max": [
      0.36007654666900635,
      0.22399623692035675,
      0.31748199462890625,
      0.3309417963027954,
      0.9959999918937683,
      0.34907448291778564,
      0.4933580756187439,
      0.3109999895095825,
      0.3100000321865082,
      0.21100002527236938,
      0.3161590099334717,
      0.4370647072792053,
      0.1652868092060089,
      0.33484870195388794,
      0.12086093425750732,
      0.14352095127105713,
      0.19923114776611328,
      0.25275930762290955,
      0.2347707748413086,
      0.10565292835235596,
      0.135672926902771,
      0.1398308277130127,
      0.18624210357666016,
      0.1350502371788025,
      0.2771052122116089,
      0.06810635328292847,
      0.07121038436889648,
      0.13079547882080078
    ],
    "q01": [
      -0.03267614841461182,
      -0.027723896503448486,
      -0.048497486114501956,
      -0.029326307773590087,
      -0.04148949384689331,
      -0.026362302899360656,
      -0.036937367916107175,
      -0.0685721755027771,
      -0.05199998617172241,
      -0.06087005138397217,
      -0.06000000238418579,
      -0.06785595417022705,
      -0.04399999976158142,
      -0.041356390714645384,
      -0.032966195791959765,
      -0.01746584177017212,
      -0.026904296875,
      -0.04240018129348755,
      -0.018005096912384035,
      -0.018614858388900757,
      -0.017859244346618654,
      -0.039107990264892575,
      -0.02443821430206299,
      -0.03572496771812439,
      -0.04725515842437744,
      -0.0221707820892334,
      -0.020948410034179688,
      -0.022196710109710693
    ],
    "q99": [
      0.032228696346282906,
      0.02736092805862426,
      0.05291708707809445,
      0.02971577644348134,
      0.04262751936912419,
      0.026805233955383236,
      0.038638603687286374,
      0.06900000125169754,
      0.054000020027160645,
      0.05817710161209105,
      0.056999987363815306,
      0.06300000101327896,
      0.03999999165534973,
      0.03804950714111309,
      0.037258952856063496,
      0.02254233956336975,
      0.030332077667117117,
      0.03964378535747528,
      0.01834062337875359,
      0.01647496223449707,
      0.017333984375,
      0.04778337478637695,
      0.022337317466735826,
      0.03174409866333,
      0.05044925212860098,
      0.02160745859146118,
      0.02055897712707514,
      0.02237459421157837
    ],